{
    "train_loss": [
        0.22856958589153187,
        0.08669177967080001,
        0.058319365461495944,
        0.04111722805297751,
        0.031040866806541435,
        0.028307112336533814,
        0.02288704512599629,
        0.020525369254678218,
        0.01713922052053611,
        0.01626705558737934
    ],
    "test_loss": [
        0.12167978083267808,
        0.09296989835649729,
        0.07305379426442087,
        0.08286095384065993,
        0.07997547946400009,
        0.07791438666493632,
        0.08688832659457112,
        0.09549624351916863,
        0.07596259312701295,
        0.09937531710143084
    ],
    "test_accuracy": [
        96.27,
        97.16,
        97.74,
        97.58,
        97.77,
        97.99,
        97.86,
        97.81,
        98.23,
        97.8
    ]
}